Project,Proportion
AVRO,1.5181286
STORM,2.036325
ACCUMULO,2.1245873
TAJO,1.1428572
SYNCOPE,1.5498651
Median P ,1.5498651
